{
  "start_time": "2025-08-16T10:52:03.887967",
  "config": {
    "data_folder": "./data/rasters",
    "output_dir": "./output",
    "quick_mode": true,
    "quick_window_size": 600,
    "future_years": 5,
    "confidence_threshold": 0.55,
    "rf_estimators": 120,
    "use_s3": false
  },
  "outputs": {
    "model_path": "models\\land_cover_model_20250816_105919.pkl",
    "historical_predictions": "output\\land_cover_predictions_historical.tif",
    "historical_confidence": "output\\prediction_confidence_historical.tif",
    "future_predictions": "output\\land_cover_predictions_future.tif",
    "future_confidence": "output\\prediction_confidence_future.tif",
    "comprehensive_report": "output\\comprehensive_analysis_report_20250816_110056.png",
    "interactive_map": "output\\interactive_map_20250816_110058.html",
    "executive_summary": "output\\executive_summary_20250816_110058.md"
  },
  "performance": {
    "train_accuracy": 1.0,
    "test_accuracy": 0.998330550918197,
    "classification_report": {
      "0": {
        "precision": 1.0,
        "recall": 0.996,
        "f1-score": 0.9979959919839679,
        "support": 1000.0
      },
      "1": {
        "precision": 0.9949748743718593,
        "recall": 1.0,
        "f1-score": 0.9974811083123426,
        "support": 396.0
      },
      "2": {
        "precision": 0.998003992015968,
        "recall": 1.0,
        "f1-score": 0.999000999000999,
        "support": 1000.0
      },
      "accuracy": 0.998330550918197,
      "macro avg": {
        "precision": 0.9976596221292757,
        "recall": 0.9986666666666667,
        "f1-score": 0.9981593664324365,
        "support": 2396.0
      },
      "weighted avg": {
        "precision": 0.9983364116307281,
        "recall": 0.998330550918197,
        "f1-score": 0.9983303463592047,
        "support": 2396.0
      }
    },
    "confusion_matrix": [
      [
        996,
        2,
        2
      ],
      [
        0,
        396,
        0
      ],
      [
        0,
        0,
        1000
      ]
    ],
    "feature_importance": {
      "ndbi_year_2000": 0.02293727707043919,
      "ndbi_year_2001": 0.013166380079317553,
      "ndbi_year_2002": 0.012053948338810194,
      "ndbi_year_2003": 0.004296656000310381,
      "ndbi_year_2004": 0.013067056831163134,
      "ndbi_year_2005": 0.005197433883911955,
      "ndbi_year_2006": 0.002759860555224234,
      "ndbi_year_2007": 0.0034772849135322713,
      "ndbi_year_2008": 0.0015511050605722609,
      "ndbi_year_2009": 0.0019351410422619206,
      "ndbi_year_2010": 0.0021405303853354657,
      "ndbi_year_2011": 0.001175029745641584,
      "ndbi_year_2012": 0.0018642791125845146,
      "ndbi_year_2013": 0.0014685233678301622,
      "ndbi_year_2014": 0.0010678896605963788,
      "ndbi_year_2015": 0.004706876980213359,
      "ndbi_year_2016": 0.004222347182699761,
      "ndbi_year_2017": 0.0038515264831638757,
      "ndbi_year_2018": 0.011729649892603815,
      "ndbi_year_2019": 0.015613526967659276,
      "ndbi_year_2020": 0.014160189426616425,
      "ndbi_year_2021": 0.03281505552890911,
      "ndbi_year_2022": 0.020068384220574047,
      "ndbi_year_2023": 0.02523661987821346,
      "ndbi_year_2024": 0.060635553036094664,
      "mean_ndbi": 0.0017298993571298925,
      "std_ndbi": 0.046619846528915466,
      "min_ndbi": 0.0015498375080541795,
      "max_ndbi": 0.003313152164859505,
      "linear_trend": 0.13555921005040644,
      "trend_r_value": 0.14918212630625155,
      "first_second_half_diff": 0.10693934898033913,
      "total_change": 0.26547792730105285,
      "ndbi_range": 0.00469182493705842,
      "coefficient_variation": 0.003738701221653453
    },
    "cv_scores": {
      "mean": 0.9989563223334207,
      "std": 0.0009681384536994053,
      "scores": [
        0.9971819388733376,
        0.998849674258612,
        1.0,
        0.9995833331705729,
        0.9991666653645813
      ]
    },
    "learning_curves": {
      "train_sizes": [
        638,
        1277,
        1916,
        2555,
        3194,
        3832,
        4471,
        5110,
        5749,
        6388
      ],
      "train_scores_mean": [
        0.9994775339602926,
        1.0,
        1.0,
        1.0,
        1.0,
        1.0,
        1.0,
        1.0,
        1.0,
        1.0
      ],
      "train_scores_std": [
        0.0007388785592335696,
        0.0,
        0.0,
        0.0,
        0.0,
        0.0,
        0.0,
        0.0,
        0.0,
        0.0
      ],
      "val_scores_mean": [
        0.9837208785774317,
        0.9931124771309272,
        0.9950951657205461,
        0.9954081874302005,
        0.9965561732369214,
        0.9970780176315203,
        0.998017246081839,
        0.9983303331200357,
        0.9985390578121667,
        0.9981216410921756
      ],
      "val_scores_std": [
        0.00199855152369792,
        0.002556825042007589,
        0.0025608336426449184,
        0.0024163435868583176,
        0.0017896014975209834,
        0.00131198326917635,
        0.0014979451874414045,
        0.0008218163266278787,
        0.001033160929352081,
        0.0009217587886742299
      ]
    }
  },
  "data_info": {
    "years": [
      2000,
      2001,
      2002,
      2003,
      2004,
      2005,
      2006,
      2007,
      2008,
      2009,
      2010,
      2011,
      2012,
      2013,
      2014,
      2015,
      2016,
      2017,
      2018,
      2019,
      2020,
      2021,
      2022,
      2023,
      2024
    ],
    "shape": [
      25,
      600,
      600
    ],
    "metadata": {
      "reference": {
        "height": 600,
        "width": 600,
        "transform": [
          0.00026949458523585647,
          0.0,
          72.7729703241645,
          0.0,
          -0.00026949458523585647,
          33.79596846150258,
          0.0,
          0.0,
          1.0
        ],
        "crs": "EPSG:4326",
        "bounds": [
          72.7729703241645,
          33.44562550069597,
          73.38364505430896,
          33.79596846150258
        ],
        "nodata": null,
        "crop_window": [
          350,
          950,
          833,
          1433
        ]
      },
      "years": [
        2000,
        2001,
        2002,
        2003,
        2004,
        2005,
        2006,
        2007,
        2008,
        2009,
        2010,
        2011,
        2012,
        2013,
        2014,
        2015,
        2016,
        2017,
        2018,
        2019,
        2020,
        2021,
        2022,
        2023,
        2024
      ],
      "statistics": [
        {
          "year": 2000,
          "mean": "-0.0458293",
          "std": "0.027321385",
          "min": "-0.14804041",
          "max": "0.061006766",
          "valid_pixels": "165245",
          "valid_percentage": 45.90138888888889
        },
        {
          "year": 2001,
          "mean": "-0.015287997",
          "std": "0.03261531",
          "min": "-0.15031973",
          "max": "0.109611504",
          "valid_pixels": "165245",
          "valid_percentage": 45.90138888888889
        },
        {
          "year": 2002,
          "mean": "-0.019786052",
          "std": "0.029180847",
          "min": "-0.16472743",
          "max": "0.102442555",
          "valid_pixels": "165245",
          "valid_percentage": 45.90138888888889
        },
        {
          "year": 2003,
          "mean": "-0.05045207",
          "std": "0.024388457",
          "min": "-0.14792529",
          "max": "0.07265605",
          "valid_pixels": "165245",
          "valid_percentage": 45.90138888888889
        },
        {
          "year": 2004,
          "mean": "-0.046285074",
          "std": "0.03516203",